{"v":"5.5.7","fr":60,"ip":0,"op":180,"w":500,"h":500,"nm":"Untitled-2","ddd":0,"assets":[],"layers":[{"ddd":0,"ind":1,"ty":4,"nm":"Layer 2 Outlines 2","sr":-1,"ks":{"o":{"a":0,"k":100,"ix":11},"r":{"a":0,"k":0,"ix":10},"p":{"a":0,"k":[250,249.5,0],"ix":2},"a":{"a":0,"k":[41,45.5,0],"ix":1},"s":{"a":0,"k":[100,100,100],"ix":6}},"ao":0,"shapes":[{"ty":"gr","it":[{"ind":0,"ty":"sh","ix":1,"ks":{"a":0,"k":{"i":[[0,4.245],[0,0],[3.676,2.122],[0,0],[3.676,-2.123],[0,0],[0,-4.246],[0,0],[-3.677,-2.123],[0,0],[-3.677,2.123],[0,0]],"o":[[0,0],[0,-4.246],[0,0],[-3.677,-2.123],[0,0],[-3.677,2.122],[0,0],[0,4.245],[0,0],[3.676,2.123],[0,0],[3.676,-2.123]],"v":[[37.817,14.972],[37.817,-14.973],[31.875,-25.264],[5.942,-40.237],[-5.942,-40.237],[-31.875,-25.264],[-37.817,-14.973],[-37.817,14.972],[-31.875,25.263],[-5.942,40.236],[5.942,40.236],[31.875,25.263]],"c":true},"ix":2},"nm":"Path 1","mn":"ADBE Vector Shape - Group","hd":false},{"ty":"st","c":{"a":0,"k":[1,1,1,1],"ix":3},"o":{"a":0,"k":100,"ix":4},"w":{"a":0,"k":4,"ix":5},"lc":1,"lj":1,"ml":10,"bm":0,"nm":"Stroke 1","mn":"ADBE Vector Graphic - Stroke","hd":false},{"ty":"tr","p":{"a":0,"k":[41,45.5],"ix":2},"a":{"a":0,"k":[0,0],"ix":1},"s":{"a":0,"k":[100,100],"ix":3},"r":{"a":0,"k":0,"ix":6},"o":{"a":0,"k":100,"ix":7},"sk":{"a":0,"k":0,"ix":4},"sa":{"a":0,"k":0,"ix":5},"nm":"Transform"}],"nm":"Group 1","np":2,"cix":2,"bm":0,"ix":1,"mn":"ADBE Vector Group","hd":false},{"ty":"tm","s":{"a":0,"k":0,"ix":1},"e":{"a":1,"k":[{"i":{"x":[0.833],"y":[0.833]},"o":{"x":[0.167],"y":[0.167]},"t":131.8,"s":[0]},{"t":101.8,"s":[100]}],"ix":2},"o":{"a":0,"k":0,"ix":3},"m":1,"ix":2,"nm":"Trim Paths 1","mn":"ADBE Vector Filter - Trim","hd":false}],"ip":161.8,"op":74.8,"st":162,"bm":0},{"ddd":0,"ind":2,"ty":4,"nm":"Layer 2 Outlines","sr":1,"ks":{"o":{"a":0,"k":100,"ix":11},"r":{"a":0,"k":0,"ix":10},"p":{"a":0,"k":[250,249.5,0],"ix":2},"a":{"a":0,"k":[41,45.5,0],"ix":1},"s":{"a":0,"k":[100,100,100],"ix":6}},"ao":0,"shapes":[{"ty":"gr","it":[{"ind":0,"ty":"sh","ix":1,"ks":{"a":0,"k":{"i":[[0,4.245],[0,0],[3.676,2.122],[0,0],[3.676,-2.123],[0,0],[0,-4.246],[0,0],[-3.677,-2.123],[0,0],[-3.677,2.123],[0,0]],"o":[[0,0],[0,-4.246],[0,0],[-3.677,-2.123],[0,0],[-3.677,2.122],[0,0],[0,4.245],[0,0],[3.676,2.123],[0,0],[3.676,-2.123]],"v":[[37.817,14.972],[37.817,-14.973],[31.875,-25.264],[5.942,-40.237],[-5.942,-40.237],[-31.875,-25.264],[-37.817,-14.973],[-37.817,14.972],[-31.875,25.263],[-5.942,40.236],[5.942,40.236],[31.875,25.263]],"c":true},"ix":2},"nm":"Path 1","mn":"ADBE Vector Shape - Group","hd":false},{"ty":"st","c":{"a":0,"k":[1,1,1,1],"ix":3},"o":{"a":0,"k":100,"ix":4},"w":{"a":0,"k":4,"ix":5},"lc":1,"lj":1,"ml":10,"bm":0,"nm":"Stroke 1","mn":"ADBE Vector Graphic - Stroke","hd":false},{"ty":"tr","p":{"a":0,"k":[41,45.5],"ix":2},"a":{"a":0,"k":[0,0],"ix":1},"s":{"a":0,"k":[100,100],"ix":3},"r":{"a":0,"k":0,"ix":6},"o":{"a":0,"k":100,"ix":7},"sk":{"a":0,"k":0,"ix":4},"sa":{"a":0,"k":0,"ix":5},"nm":"Transform"}],"nm":"Group 1","np":2,"cix":2,"bm":0,"ix":1,"mn":"ADBE Vector Group","hd":false},{"ty":"tm","s":{"a":0,"k":0,"ix":1},"e":{"a":1,"k":[{"i":{"x":[0.833],"y":[0.833]},"o":{"x":[0.167],"y":[0.167]},"t":30,"s":[0]},{"t":60,"s":[100]}],"ix":2},"o":{"a":0,"k":0,"ix":3},"m":1,"ix":2,"nm":"Trim Paths 1","mn":"ADBE Vector Filter - Trim","hd":false}],"ip":0,"op":87,"st":0,"bm":0},{"ddd":0,"ind":3,"ty":4,"nm":"Layer 3 Outlines 2","sr":-1,"ks":{"o":{"a":0,"k":100,"ix":11},"r":{"a":0,"k":0,"ix":10},"p":{"a":0,"k":[250,249.5,0],"ix":2},"a":{"a":0,"k":[88,97.5,0],"ix":1},"s":{"a":0,"k":[100,100,100],"ix":6}},"ao":0,"shapes":[{"ty":"gr","it":[{"ind":0,"ty":"sh","ix":1,"ks":{"a":0,"k":{"i":[[0,9.334],[0,0],[8.084,4.667],[0,0],[8.083,-4.666],[0,0],[0,-9.334],[0,0],[-8.083,-4.667],[0,0],[-8.084,4.667],[0,0]],"o":[[0,0],[0,-9.334],[0,0],[-8.084,-4.666],[0,0],[-8.083,4.667],[0,0],[0,9.334],[0,0],[8.083,4.667],[0,0],[8.084,-4.667]],"v":[[84.667,33.798],[84.667,-33.799],[71.603,-56.424],[13.063,-90.224],[-13.063,-90.224],[-71.604,-56.424],[-84.667,-33.799],[-84.667,33.798],[-71.604,56.423],[-13.063,90.223],[13.063,90.223],[71.603,56.423]],"c":true},"ix":2},"nm":"Path 1","mn":"ADBE Vector Shape - Group","hd":false},{"ty":"st","c":{"a":0,"k":[1,1,1,1],"ix":3},"o":{"a":0,"k":100,"ix":4},"w":{"a":0,"k":4,"ix":5},"lc":1,"lj":1,"ml":10,"bm":0,"nm":"Stroke 1","mn":"ADBE Vector Graphic - Stroke","hd":false},{"ty":"tr","p":{"a":0,"k":[88,97.5],"ix":2},"a":{"a":0,"k":[0,0],"ix":1},"s":{"a":0,"k":[100,100],"ix":3},"r":{"a":0,"k":0,"ix":6},"o":{"a":0,"k":100,"ix":7},"sk":{"a":0,"k":0,"ix":4},"sa":{"a":0,"k":0,"ix":5},"nm":"Transform"}],"nm":"Group 1","np":2,"cix":2,"bm":0,"ix":1,"mn":"ADBE Vector Group","hd":false},{"ty":"tm","s":{"a":0,"k":0,"ix":1},"e":{"a":1,"k":[{"i":{"x":[0.833],"y":[0.833]},"o":{"x":[0.167],"y":[0.167]},"t":161.8,"s":[0]},{"t":131.8,"s":[100]}],"ix":2},"o":{"a":0,"k":0,"ix":3},"m":1,"ix":2,"nm":"Trim Paths 1","mn":"ADBE Vector Filter - Trim","hd":false}],"ip":161.8,"op":74.8,"st":162,"bm":0},{"ddd":0,"ind":4,"ty":4,"nm":"Layer 3 Outlines","sr":1,"ks":{"o":{"a":0,"k":100,"ix":11},"r":{"a":0,"k":0,"ix":10},"p":{"a":0,"k":[250,249.5,0],"ix":2},"a":{"a":0,"k":[88,97.5,0],"ix":1},"s":{"a":0,"k":[100,100,100],"ix":6}},"ao":0,"shapes":[{"ty":"gr","it":[{"ind":0,"ty":"sh","ix":1,"ks":{"a":0,"k":{"i":[[0,9.334],[0,0],[8.084,4.667],[0,0],[8.083,-4.666],[0,0],[0,-9.334],[0,0],[-8.083,-4.667],[0,0],[-8.084,4.667],[0,0]],"o":[[0,0],[0,-9.334],[0,0],[-8.084,-4.666],[0,0],[-8.083,4.667],[0,0],[0,9.334],[0,0],[8.083,4.667],[0,0],[8.084,-4.667]],"v":[[84.667,33.798],[84.667,-33.799],[71.603,-56.424],[13.063,-90.224],[-13.063,-90.224],[-71.604,-56.424],[-84.667,-33.799],[-84.667,33.798],[-71.604,56.423],[-13.063,90.223],[13.063,90.223],[71.603,56.423]],"c":true},"ix":2},"nm":"Path 1","mn":"ADBE Vector Shape - Group","hd":false},{"ty":"st","c":{"a":0,"k":[1,1,1,1],"ix":3},"o":{"a":0,"k":100,"ix":4},"w":{"a":0,"k":4,"ix":5},"lc":1,"lj":1,"ml":10,"bm":0,"nm":"Stroke 1","mn":"ADBE Vector Graphic - Stroke","hd":false},{"ty":"tr","p":{"a":0,"k":[88,97.5],"ix":2},"a":{"a":0,"k":[0,0],"ix":1},"s":{"a":0,"k":[100,100],"ix":3},"r":{"a":0,"k":0,"ix":6},"o":{"a":0,"k":100,"ix":7},"sk":{"a":0,"k":0,"ix":4},"sa":{"a":0,"k":0,"ix":5},"nm":"Transform"}],"nm":"Group 1","np":2,"cix":2,"bm":0,"ix":1,"mn":"ADBE Vector Group","hd":false},{"ty":"tm","s":{"a":0,"k":0,"ix":1},"e":{"a":1,"k":[{"i":{"x":[0.833],"y":[0.833]},"o":{"x":[0.167],"y":[0.167]},"t":0,"s":[0]},{"t":30,"s":[100]}],"ix":2},"o":{"a":0,"k":0,"ix":3},"m":1,"ix":2,"nm":"Trim Paths 1","mn":"ADBE Vector Filter - Trim","hd":false}],"ip":0,"op":87,"st":0,"bm":0},{"ddd":0,"ind":5,"ty":4,"nm":"Layer 4 Outlines","sr":1,"ks":{"o":{"a":0,"k":100,"ix":11},"r":{"a":0,"k":0,"ix":10},"p":{"a":0,"k":[250,249.5,0],"ix":2},"a":{"a":0,"k":[106,119.5,0],"ix":1},"s":{"a":0,"k":[100,100,100],"ix":6}},"ao":0,"shapes":[{"ty":"gr","it":[{"ind":0,"ty":"sh","ix":1,"ks":{"a":0,"k":{"i":[[0,9.334],[0,0],[8.084,4.667],[0,0],[8.083,-4.667],[0,0],[0,-9.333],[0,0],[-8.083,-4.666],[0,0],[-8.083,4.667],[0,0]],"o":[[0,0],[0,-9.333],[0,0],[-8.083,-4.667],[0,0],[-8.083,4.667],[0,0],[0,9.334],[0,0],[8.083,4.667],[0,0],[8.084,-4.666]],"v":[[105.078,45.583],[105.078,-45.584],[92.015,-68.209],[13.062,-113.792],[-13.063,-113.792],[-92.015,-68.209],[-105.078,-45.584],[-105.078,45.583],[-92.015,68.208],[-13.063,113.792],[13.062,113.792],[92.015,68.208]],"c":true},"ix":2},"nm":"Path 1","mn":"ADBE Vector Shape - Group","hd":false},{"ty":"fl","c":{"a":0,"k":[0.208475703819,0.04218377132,0.827450980392,1],"ix":4},"o":{"a":0,"k":100,"ix":5},"r":1,"bm":0,"nm":"Fill 1","mn":"ADBE Vector Graphic - Fill","hd":false},{"ty":"tr","p":{"a":0,"k":[106,119.5],"ix":2},"a":{"a":0,"k":[0,0],"ix":1},"s":{"a":0,"k":[100,100],"ix":3},"r":{"a":0,"k":0,"ix":6},"o":{"a":0,"k":100,"ix":7},"sk":{"a":0,"k":0,"ix":4},"sa":{"a":0,"k":0,"ix":5},"nm":"Transform"}],"nm":"Group 1","np":2,"cix":2,"bm":0,"ix":1,"mn":"ADBE Vector Group","hd":false}],"ip":0,"op":181,"st":0,"bm":0}],"markers":[]}